Email,Business Name,Niche,Stage,Last Emailed Date
info@kdahmails.com,"Kokilaben Hospital: Best Multispeciality Hospital in Mumbai,",doctor clinic,2,2026-07-13
maduraidrpraveenrajan_k@apollohospitals.com,"Apollo Hospitals, Mumbai",doctor clinic,2,2026-07-13
marketing@bombayhospital.com,Leading Healthcare Services at Bombay Hospital Mumbai,doctor clinic,2,2026-07-13
info.india@internationalsos.com,International SOS (BHARAT) OH Clinic,doctor clinic,2,2026-07-13
hello@lybrate.com,online homeo doctor video consultation for thyroid diabetes ,doctor clinic,2,2026-07-13
helpdesk@apollo247.com,Apollo 247,doctor clinic,2,2026-07-13
info@drneelimamantri.com,Best Female Gynaecologist in Mumbai,doctor clinic,2,2026-07-13
info@meddco.com,"Dr. Makarand . V. Damle Ent Clinic, Mumbai",doctor clinic,2,2026-07-13
support@hospia.in,Hospia,doctor clinic,2,2026-07-13
info.mumbaidirectory@gmail.com,Pulmonologists In Mumbai,doctor clinic,2,2026-07-13
neospineclinicmumbai@gmail.com,Neo Spine Clinic-Best Spine Treatment in Mumbai,doctor clinic,2,2026-07-13
hello@365doctor.in,"Apollo Clinic (mumbai), Diagnostic Centers in Mumbai, Addres",doctor clinic,2,2026-07-13
info@mumbaiclinic.com,Mumbai Clinic,doctor clinic,2,2026-07-13
andherieast@apolloclinic.com,"Best Clinic in Andheri East, Mumbai",doctor clinic,2,2026-07-13
feedback@lilavatihospital.com,Lilavati Hospital & Research Centre,doctor clinic,2,2026-07-13
bhargavanursinghome@gmail.com,MEDICAL SPECIALISTS AND FACILITIES Updated July 2022,doctor clinic,2,2026-07-13
manjit.lidder@austin.co.uk,The Austin UK,contractor,1,2026-07-13
info@expertsgroupinternational.com,How Top Texas Contractors Hire Management for Major ...,contractor,1,2026-07-13
enquiries@acrltd.co.uk,"Construction Recruitment company in London, UK",contractor,1,2026-07-13
ingrid@aiaaustin.org,General Contractors – AIA Austin,contractor,1,2026-07-13
bd@stobuildinggroup.com,Structure Tone Southwest,contractor,1,2026-07-13
info@austinrvpark.com,"Top Construction Companies in Austin, Texas",contractor,1,2026-07-13
perla@texmartinezroofing.com,Best Roofing Contractor in Austin Texas,contractor,1,2026-07-13
media@austintexas.org,"Austin, TX",contractor,1,2026-07-13
careers@wardandburke.com,Ward & Burke Construction Ltd,contractor,1,2026-07-13
info@stravioninternational.com,Contact – Stravion International,contractor,1,2026-07-13
paulmcburney@gmail.com,Virtual Window,contractor,1,2026-07-13
asxvmprobertest@gmail.com,"Padmashesh Temple , Tahsil Pachamadi, District Narmadapuram.",Dentist,1,2026-07-13
smart.journey.prober@gmail.com,"Narmadapuram, Madhya Pradesh, ...",CA,1,2026-07-13
