Business Name,Phone (WhatsApp),Social Link,Niche,DM Script
Instagram в Instagram : Link to instagram.com,https://www.instagram.com/p/BXIFYMlgyGE/,doctor,"Hi Instagram в Instagram : Link to instagram.com, I came across your page and love what you're doing in the doctor space! I noticed you are running your business primarily off social media. I run Sterlingmere Holdings and we build premium websites that help businesses like yours double their leads and look ultra-professional. Would you be open to a quick chat to see what we could do for you? Check out our work: https://sterlingmereholdings.vercel.app/",
Mridula Nursing в Instagram : Link to instagram.com,https://www.instagram.com/p/CY0OANcvkHs/,doctor,"Hi Mridula Nursing в Instagram : Link to instagram.com, I came across your page and love what you're doing in the doctor space! I noticed you are running your business primarily off social media. I run Sterlingmere Holdings and we build premium websites that help businesses like yours double their leads and look ultra-professional. Would you be open to a quick chat to see what we could do for you? Check out our work: https://sterlingmereholdings.vercel.app/",
Link to facebook.com,https://www.facebook.com/delhidoctorsatyourhome/,doctor,"Hi Link to facebook.com, I came across your page and love what you're doing in the doctor space! I noticed you are running your business primarily off social media. I run Sterlingmere Holdings and we build premium websites that help businesses like yours double their leads and look ultra-professional. Would you be open to a quick chat to see what we could do for you? Check out our work: https://sterlingmereholdings.vercel.app/",
Event Planner In Delhi Ncr (@giftomaniaevents),https://www.instagram.com/giftomaniaevents/?hl=en,Event managers,"Hi Event Planner In Delhi Ncr (@giftomaniaevents), I came across your page and love what you're doing in the Event managers space! I noticed you are running your business primarily off social media. I run Sterlingmere Holdings and we build premium websites that help businesses like yours double their leads and look ultra-professional. Would you be open to a quick chat to see what we could do for you? Check out our work: https://sterlingmereholdings.vercel.app/",
NIEM - New Delhi (@niemnewdelhi) • Instagram photos and videos,https://www.instagram.com/niemnewdelhi/,Event managers,"Hi NIEM - New Delhi (@niemnewdelhi) • Instagram photos and videos, I came across your page and love what you're doing in the Event managers space! I noticed you are running your business primarily off social media. I run Sterlingmere Holdings and we build premium websites that help businesses like yours double their leads and look ultra-professional. Would you be open to a quick chat to see what we could do for you? Check out our work: https://sterlingmereholdings.vercel.app/",
Impact Institute of Event Management (IIEM) (@iiem.delhi) • Instagram photos and videos,https://www.instagram.com/iiem.delhi/,Event managers,"Hi Impact Institute of Event Management (IIEM) (@iiem.delhi) • Instagram photos and videos, I came across your page and love what you're doing in the Event managers space! I noticed you are running your business primarily off social media. I run Sterlingmere Holdings and we build premium websites that help businesses like yours double their leads and look ultra-professional. Would you be open to a quick chat to see what we could do for you? Check out our work: https://sterlingmereholdings.vercel.app/",
The Party Elephant | Birthday Décor & Event Planner (@thepartyelephant.in) • Instagram photos and videos,https://www.instagram.com/thepartyelephant.in/,Event managers,"Hi The Party Elephant | Birthday Décor & Event Planner (@thepartyelephant.in) • Instagram photos and videos, I came across your page and love what you're doing in the Event managers space! I noticed you are running your business primarily off social media. I run Sterlingmere Holdings and we build premium websites that help businesses like yours double their leads and look ultra-professional. Would you be open to a quick chat to see what we could do for you? Check out our work: https://sterlingmereholdings.vercel.app/",
Academy of Event Planning (@aepdelhi) • Instagram photos and videos,https://www.instagram.com/aepdelhi/,Event managers,"Hi Academy of Event Planning (@aepdelhi) • Instagram photos and videos, I came across your page and love what you're doing in the Event managers space! I noticed you are running your business primarily off social media. I run Sterlingmere Holdings and we build premium websites that help businesses like yours double their leads and look ultra-professional. Would you be open to a quick chat to see what we could do for you? Check out our work: https://sterlingmereholdings.vercel.app/",
TEN Events & Entertainment | Wedding & Event Planning Services (@teneventsindia) • Instagram photos and videos,https://www.instagram.com/teneventsindia/,Event managers,"Hi TEN Events & Entertainment | Wedding & Event Planning Services (@teneventsindia) • Instagram photos and videos, I came across your page and love what you're doing in the Event managers space! I noticed you are running your business primarily off social media. I run Sterlingmere Holdings and we build premium websites that help businesses like yours double their leads and look ultra-professional. Would you be open to a quick chat to see what we could do for you? Check out our work: https://sterlingmereholdings.vercel.app/",
Perfect Wedding Planner And Event (@perfectweddingplannerandevent) • Instagram photos and videos,https://www.instagram.com/perfectweddingplannerandevent/,Event managers,"Hi Perfect Wedding Planner And Event (@perfectweddingplannerandevent) • Instagram photos and videos, I came across your page and love what you're doing in the Event managers space! I noticed you are running your business primarily off social media. I run Sterlingmere Holdings and we build premium websites that help businesses like yours double their leads and look ultra-professional. Would you be open to a quick chat to see what we could do for you? Check out our work: https://sterlingmereholdings.vercel.app/",
Just 4 You Surprise Planners | Event Planners (@just4you_surprise_planners) • Instagram photos and videos,https://www.instagram.com/just4you_surprise_planners/,Event managers,"Hi Just 4 You Surprise Planners | Event Planners (@just4you_surprise_planners) • Instagram photos and videos, I came across your page and love what you're doing in the Event managers space! I noticed you are running your business primarily off social media. I run Sterlingmere Holdings and we build premium websites that help businesses like yours double their leads and look ultra-professional. Would you be open to a quick chat to see what we could do for you? Check out our work: https://sterlingmereholdings.vercel.app/",
Delhi Events (@delhieventscom) • Instagram photos and videos,https://www.instagram.com/delhieventscom/,Event managers,"Hi Delhi Events (@delhieventscom) • Instagram photos and videos, I came across your page and love what you're doing in the Event managers space! I noticed you are running your business primarily off social media. I run Sterlingmere Holdings and we build premium websites that help businesses like yours double their leads and look ultra-professional. Would you be open to a quick chat to see what we could do for you? Check out our work: https://sterlingmereholdings.vercel.app/",
Resources Events & Promotions (@resourcesevents) • Instagram photos and videos,https://www.instagram.com/resourcesevents/,Event managers,"Hi Resources Events & Promotions (@resourcesevents) • Instagram photos and videos, I came across your page and love what you're doing in the Event managers space! I noticed you are running your business primarily off social media. I run Sterlingmere Holdings and we build premium websites that help businesses like yours double their leads and look ultra-professional. Would you be open to a quick chat to see what we could do for you? Check out our work: https://sterlingmereholdings.vercel.app/",
The Event Company (@theeventcompanytec) • Instagram photos and videos,https://www.instagram.com/theeventcompanytec/,Event managers,"Hi The Event Company (@theeventcompanytec) • Instagram photos and videos, I came across your page and love what you're doing in the Event managers space! I noticed you are running your business primarily off social media. I run Sterlingmere Holdings and we build premium websites that help businesses like yours double their leads and look ultra-professional. Would you be open to a quick chat to see what we could do for you? Check out our work: https://sterlingmereholdings.vercel.app/",
HORA | Event Planner & Party Services (@horaservices) • Instagram photos and videos,https://www.instagram.com/horaservices/,Event managers,"Hi HORA | Event Planner & Party Services (@horaservices) • Instagram photos and videos, I came across your page and love what you're doing in the Event managers space! I noticed you are running your business primarily off social media. I run Sterlingmere Holdings and we build premium websites that help businesses like yours double their leads and look ultra-professional. Would you be open to a quick chat to see what we could do for you? Check out our work: https://sterlingmereholdings.vercel.app/",
Delhi Event Center (@delhieventcenter) • Instagram photos and videos,https://www.instagram.com/delhieventcenter/,Event managers,"Hi Delhi Event Center (@delhieventcenter) • Instagram photos and videos, I came across your page and love what you're doing in the Event managers space! I noticed you are running your business primarily off social media. I run Sterlingmere Holdings and we build premium websites that help businesses like yours double their leads and look ultra-professional. Would you be open to a quick chat to see what we could do for you? Check out our work: https://sterlingmereholdings.vercel.app/",
Pulse Events & Wedding (@pulseeventsindia) • Instagram photos and videos,https://www.instagram.com/pulseeventsindia/,Event managers,"Hi Pulse Events & Wedding (@pulseeventsindia) • Instagram photos and videos, I came across your page and love what you're doing in the Event managers space! I noticed you are running your business primarily off social media. I run Sterlingmere Holdings and we build premium websites that help businesses like yours double their leads and look ultra-professional. Would you be open to a quick chat to see what we could do for you? Check out our work: https://sterlingmereholdings.vercel.app/",
Delhi Exhibitions | Expo | Event Updates (@delhi.exhibitions) • Instagram photos and videos,https://www.instagram.com/delhi.exhibitions/,Event managers,"Hi Delhi Exhibitions | Expo | Event Updates (@delhi.exhibitions) • Instagram photos and videos, I came across your page and love what you're doing in the Event managers space! I noticed you are running your business primarily off social media. I run Sterlingmere Holdings and we build premium websites that help businesses like yours double their leads and look ultra-professional. Would you be open to a quick chat to see what we could do for you? Check out our work: https://sterlingmereholdings.vercel.app/",
Corporate Events (I) Pvt Ltd (@corporateeventsindia) • Instagram photos and videos,https://www.instagram.com/corporateeventsindia/,Event managers,"Hi Corporate Events (I) Pvt Ltd (@corporateeventsindia) • Instagram photos and videos, I came across your page and love what you're doing in the Event managers space! I noticed you are running your business primarily off social media. I run Sterlingmere Holdings and we build premium websites that help businesses like yours double their leads and look ultra-professional. Would you be open to a quick chat to see what we could do for you? Check out our work: https://sterlingmereholdings.vercel.app/",
Link to instagram.com,https://www.instagram.com/collywobblesevents/?hl=tr,Event managers,"Hi Link to instagram.com, I came across your page and love what you're doing in the Event managers space! I noticed you are running your business primarily off social media. I run Sterlingmere Holdings and we build premium websites that help businesses like yours double their leads and look ultra-professional. Would you be open to a quick chat to see what we could do for you? Check out our work: https://sterlingmereholdings.vercel.app/",
NIEM - New Delhi | Event managers: turning ‘It’ll be fine ...,https://www.instagram.com/p/DKTyF4zyVQ8/,Event managers,"Hi NIEM - New Delhi | Event managers: turning ‘It’ll be fine ..., I came across your page and love what you're doing in the Event managers space! I noticed you are running your business primarily off social media. I run Sterlingmere Holdings and we build premium websites that help businesses like yours double their leads and look ultra-professional. Would you be open to a quick chat to see what we could do for you? Check out our work: https://sterlingmereholdings.vercel.app/",
Instagram,https://www.instagram.com/reel/DYY06-jxg-R/,Event managers,"Hi Instagram, I came across your page and love what you're doing in the Event managers space! I noticed you are running your business primarily off social media. I run Sterlingmere Holdings and we build premium websites that help businesses like yours double their leads and look ultra-professional. Would you be open to a quick chat to see what we could do for you? Check out our work: https://sterlingmereholdings.vercel.app/",
"Ritvik Sikka on Instagram: ""Event Managers, restaurants and ...",https://www.instagram.com/reel/DaQV6WfJFnx/,Event managers,"Hi Ritvik Sikka on Instagram: ""Event Managers, restaurants and ..., I came across your page and love what you're doing in the Event managers space! I noticed you are running your business primarily off social media. I run Sterlingmere Holdings and we build premium websites that help businesses like yours double their leads and look ultra-professional. Would you be open to a quick chat to see what we could do for you? Check out our work: https://sterlingmereholdings.vercel.app/",
Instagram,https://www.instagram.com/reels/DZhwsdmhJQI/,Event managers,"Hi Instagram, I came across your page and love what you're doing in the Event managers space! I noticed you are running your business primarily off social media. I run Sterlingmere Holdings and we build premium websites that help businesses like yours double their leads and look ultra-professional. Would you be open to a quick chat to see what we could do for you? Check out our work: https://sterlingmereholdings.vercel.app/",
Instagram,https://www.instagram.com/p/DZm3W9DNkM3/,Event managers,"Hi Instagram, I came across your page and love what you're doing in the Event managers space! I noticed you are running your business primarily off social media. I run Sterlingmere Holdings and we build premium websites that help businesses like yours double their leads and look ultra-professional. Would you be open to a quick chat to see what we could do for you? Check out our work: https://sterlingmereholdings.vercel.app/",
Best Event Management Company in Delhi ...,https://www.instagram.com/p/DSXfp5agtv3/,Event managers,"Hi Best Event Management Company in Delhi ..., I came across your page and love what you're doing in the Event managers space! I noticed you are running your business primarily off social media. I run Sterlingmere Holdings and we build premium websites that help businesses like yours double their leads and look ultra-professional. Would you be open to a quick chat to see what we could do for you? Check out our work: https://sterlingmereholdings.vercel.app/",
Aura Event Managers | New Delhi,https://www.facebook.com/AuraEvents/,Event managers,"Hi Aura Event Managers | New Delhi, I came across your page and love what you're doing in the Event managers space! I noticed you are running your business primarily off social media. I run Sterlingmere Holdings and we build premium websites that help businesses like yours double their leads and look ultra-professional. Would you be open to a quick chat to see what we could do for you? Check out our work: https://sterlingmereholdings.vercel.app/",
,,,,
,,,,
,,,,
,,,,
,,,,
Innovate Home Renovation (@innovatehomerenovation) • Instagram photos and videos,https://www.instagram.com/innovatehomerenovation/,contractors,"Hi Innovate Home Renovation (@innovatehomerenovation) • Instagram photos and videos, I came across your page and love what you're doing in the contractors space! I noticed you are running your business primarily off social media. I run Sterlingmere Holdings and we build premium websites that help businesses like yours double their leads and look ultra-professional. Would you be open to a quick chat to see what we could do for you? Check out our work: https://sterlingmereholdings.vercel.app/",
Link to instagram.com,https://www.instagram.com/namaskarhomes/,contractors,"Hi Link to instagram.com, I came across your page and love what you're doing in the contractors space! I noticed you are running your business primarily off social media. I run Sterlingmere Holdings and we build premium websites that help businesses like yours double their leads and look ultra-professional. Would you be open to a quick chat to see what we could do for you? Check out our work: https://sterlingmereholdings.vercel.app/",
NRH Contractors Delhi (@nrh_contractors) - Instagram,https://www.instagram.com/nrh_contractors/,contractors,"Hi NRH Contractors Delhi (@nrh_contractors) - Instagram, I came across your page and love what you're doing in the contractors space! I noticed you are running your business primarily off social media. I run Sterlingmere Holdings and we build premium websites that help businesses like yours double their leads and look ultra-professional. Would you be open to a quick chat to see what we could do for you? Check out our work: https://sterlingmereholdings.vercel.app/",
,,,,
Casa 365 | Turnkey Contractors | PMC | Delhi NCR ... - InstagramInstagramInstagramAS Design Studio (@studio.asdesign) • Instagram photos and videosInstagram,https://www.instagram.com/casathreesixtyfive/,contractors,"Hi Casa 365 | Turnkey Contractors | PMC | Delhi NCR ... - InstagramInstagramInstagramAS Design Studio (@studio.asdesign) • Instagram photos and videosInstagram, I came across your page and love what you're doing in the contractors space! I noticed you are running your business primarily off social media. I run Sterlingmere Holdings and we build premium websites that help businesses like yours double their leads and look ultra-professional. Would you be open to a quick chat to see what we could do for you? Check out our work: https://sterlingmereholdings.vercel.app/",
Instagram,https://www.instagram.com/?hl=en,contractors,"Hi Instagram, I came across your page and love what you're doing in the contractors space! I noticed you are running your business primarily off social media. I run Sterlingmere Holdings and we build premium websites that help businesses like yours double their leads and look ultra-professional. Would you be open to a quick chat to see what we could do for you? Check out our work: https://sterlingmereholdings.vercel.app/",
Instagram,https://www.instagram.com/reel/DaiOtVDDHtx/,contractors,"Hi Instagram, I came across your page and love what you're doing in the contractors space! I noticed you are running your business primarily off social media. I run Sterlingmere Holdings and we build premium websites that help businesses like yours double their leads and look ultra-professional. Would you be open to a quick chat to see what we could do for you? Check out our work: https://sterlingmereholdings.vercel.app/",
AS Design Studio (@studio.asdesign) • Instagram photos and videos,https://www.instagram.com/studio.asdesign/,contractors,"Hi AS Design Studio (@studio.asdesign) • Instagram photos and videos, I came across your page and love what you're doing in the contractors space! I noticed you are running your business primarily off social media. I run Sterlingmere Holdings and we build premium websites that help businesses like yours double their leads and look ultra-professional. Would you be open to a quick chat to see what we could do for you? Check out our work: https://sterlingmereholdings.vercel.app/",
Instagram,https://www.instagram.com/reel/DZM6CngzELu/,contractors,"Hi Instagram, I came across your page and love what you're doing in the contractors space! I noticed you are running your business primarily off social media. I run Sterlingmere Holdings and we build premium websites that help businesses like yours double their leads and look ultra-professional. Would you be open to a quick chat to see what we could do for you? Check out our work: https://sterlingmereholdings.vercel.app/",
,,,,
BAC Contractors | Delhi - Facebook,https://www.facebook.com/BACCONTRACTORS/,contractors,"Hi BAC Contractors | Delhi - Facebook, I came across your page and love what you're doing in the contractors space! I noticed you are running your business primarily off social media. I run Sterlingmere Holdings and we build premium websites that help businesses like yours double their leads and look ultra-professional. Would you be open to a quick chat to see what we could do for you? Check out our work: https://sterlingmereholdings.vercel.app/",
"Design Squres ,Construction and Renovation contractors Delhi & NCR | Noida",https://www.facebook.com/Designsqures/,contractors,"Hi Design Squres ,Construction and Renovation contractors Delhi & NCR | Noida, I came across your page and love what you're doing in the contractors space! I noticed you are running your business primarily off social media. I run Sterlingmere Holdings and we build premium websites that help businesses like yours double their leads and look ultra-professional. Would you be open to a quick chat to see what we could do for you? Check out our work: https://sterlingmereholdings.vercel.app/",
Contractors- Delhi & NCR - Facebook,https://www.facebook.com/cdncr/,contractors,"Hi Contractors- Delhi & NCR - Facebook, I came across your page and love what you're doing in the contractors space! I noticed you are running your business primarily off social media. I run Sterlingmere Holdings and we build premium websites that help businesses like yours double their leads and look ultra-professional. Would you be open to a quick chat to see what we could do for you? Check out our work: https://sterlingmereholdings.vercel.app/",
Somawat contractors Pvt LTD | Delhi - Facebook,https://www.facebook.com/SOMAWAT.IN/,contractors,"Hi Somawat contractors Pvt LTD | Delhi - Facebook, I came across your page and love what you're doing in the contractors space! I noticed you are running your business primarily off social media. I run Sterlingmere Holdings and we build premium websites that help businesses like yours double their leads and look ultra-professional. Would you be open to a quick chat to see what we could do for you? Check out our work: https://sterlingmereholdings.vercel.app/",
,,,,
Turnkey office home Interior contractor | New Delhi,https://www.facebook.com/p/Turnkey-office-home-Interior-contractor-100069189926404/,contractors,"Hi Turnkey office home Interior contractor | New Delhi, I came across your page and love what you're doing in the contractors space! I noticed you are running your business primarily off social media. I run Sterlingmere Holdings and we build premium websites that help businesses like yours double their leads and look ultra-professional. Would you be open to a quick chat to see what we could do for you? Check out our work: https://sterlingmereholdings.vercel.app/",
